epoch,moves,native_fit_median,rsmith_fit_median,native_wall_seconds_median,rsmith_wall_seconds_median
0,0,0.051859094228,0.051859094228,0.000000000,0.000000000
1,25000,0.038667396883,0.036601392302,0.888085750,0.751592896
2,50000,0.030838331988,0.032086339436,1.581698333,1.171467209
4,100000,0.029432399249,0.026932425946,2.986757083,2.016789125
8,200000,0.034206261226,0.021517922424,5.795338146,3.717780708
16,400000,0.035992598601,0.017017843354,11.337787376,7.113173125
24,600000,0.030359861178,0.015423476121,16.991788396,10.551951104
32,800000,0.023607777723,0.014294513233,22.582793833,13.881811833
40,1000000,0.023903627012,0.013686337369,28.165209021,17.322955292
